{
    "LostItems": [
        {
            "areaId": 1,
            "position": [
                11.2623482273209,
                -10.58,
                5.237154253061978
            ],
            "quaternion": [
                -0.5127253049656781,
                0.48694225699548027,
                -0.4869422569954802,
                -0.5127253049656783
            ],
            "itemName": "hammer",
            "level": 4,
            "numberOfItem": 5
        },
        {
            "areaId": 2,
            "position": [
                10.985089420424165,
                -9.041179061432482,
                3.76093
            ],
            "quaternion": [
                0.0,
                0.0,
                0.13366329615380232,
                0.9910268024939088
            ],
            "itemName": "pipette",
            "level": 2,
            "numberOfItem": 2
        },
        {
            "areaId": 3,
            "position": [
                11.253664228155634,
                -7.923154091157824,
                3.76093
            ],
            "quaternion": [
                -0.0,
                0.0,
                0.9442375606015835,
                -0.3292649831809799
            ],
            "itemName": "thermometer",
            "level": 2,
            "numberOfItem": 4
        },
        {
            "areaId": 4,
            "position": [
                9.866984,
                -6.926466794543725,
                5.073470995452717
            ],
            "quaternion": [
                0.6417949695099083,
                -0.29681512278146427,
                0.6417949695099083,
                -0.2968151227814646
            ],
            "itemName": "kapton_tape",
            "level": 3,
            "numberOfItem": 5
        }
    ],
    "Goal": {
        "pose": {
            "x": 11.2746,
            "y": -7.89178,
            "z": 4.96538
        },
        "distance_th": 0.3
    },
    "Found": {
        "targetItem": 1,
        "successAngle": 30
    }
}